[
	{
		"name": "All Locations",
		"children":
		[
			{
				"name": "Prehistory",
				"color": "#b82800",
				"access_rules":
				[
					"gatekey"
				],
				"children":
				[
					{
						"name": "Dactyl Nest",
						"sections":
						[
							{
								"name": "Friend to the Dactyls",
                "access_rules": ["Flag_CharLock_on,dreamstone", "Flag_CharLock_off"],
								"chest_unopened_img": "images/charno.png",
								"chest_opened_img": "images/charyes.png",
								"item_count": 1
							},
              {
                "name": "Chests",
                "chest_unopened_img": "images/kino.png",
                "chest_opened_img": "images/kiyes.png",
                "item_count": 3
              }
						],
						"map_locations":
						[
							{
								"map": "Prehistory",
								"x": 518,
								"y": 258
							},
							{
								"map": "All Eras",
								"x": 518,
								"y": 258
							}
						]
					},
					{
						"name": "Reptite Lair",
						"access_rules":
						[
							""
						],
						"sections":
						[
							{
								"name": "Nizbel",
								"hosted_item": "nizbelboss"
							},
							{
								"name": "Defeat Nizbel",
								"chest_unopened_img": "images/kino.png",
								"chest_opened_img": "images/kiyes.png",
								"item_count": 1
							},
              {
                "name": "Chests",
                "chest_unopened_img": "images/kino.png",
								"chest_opened_img": "images/kiyes.png",
								"item_count": 2
              }
						],
						"map_locations":
						[
							{
								"map": "Prehistory",
								"x": 543,
								"y": 826
							},
							{
								"map": "All Eras",
								"x": 543,
								"y": 826
							}
						]
					},
          {
            "name": "Forest Maze",
						"access_rules":
						[
							""
						],
						"sections":
						[
              {
                "name": "Chests",
                "chest_unopened_img": "images/kino.png",
								"chest_opened_img": "images/kiyes.png",
								"item_count": 9
              }
						],
						"map_locations":
						[
							{
								"map": "Prehistory",
								"x": 543,
								"y": 713
							},
							{
								"map": "All Eras",
								"x": 543,
								"y": 713
							}
						]
          },
          {
            "name": "Mystic Mountain",
						"access_rules":
						[
							""
						],
						"sections":
						[
              {
                "name": "Chests",
                "chest_unopened_img": "images/kino.png",
								"chest_opened_img": "images/kiyes.png",
								"item_count": 1
              }
						],
						"map_locations":
						[
							{
								"map": "Prehistory",
								"x": 391,
								"y": 703
							},
							{
								"map": "All Eras",
								"x": 391,
								"y": 703
							}
						]
          },
					{
						"name": "Sun Keep",
						"access_rules":
						[
							"gatekey,moonstone,[dragontankboss]"
						],
						"sections":
						[
							{
								"name": "Charge the Moonstone",
								"hosted_item": "Sunstone"
							}
						],
						"map_locations":
						[
							{
								"map": "Prehistory",
								"x": 1295,
								"y": 135
							},
							{
								"map": "Future",
								"x": 1257,
								"y": 132
							},
							{
								"map": "All Eras",
								"x": 1295,
								"y": 135
							},
							{
								"map": "All Eras",
								"x": 4367,
								"y": 135
							}
						]
					},
					{
						"name": "Tyrano Castle",
						"access_rules":
						[
							"dreamstone"
						],
						"sections":
						[
							{
								"name": "Black Tyrano",
								"hosted_item": "blacktyranoboss"
							}
						],
						"map_locations":
						[
							{
								"map": "Prehistory",
								"x": 848,
								"y": 565
							},
							{
								"map": "All Eras",
								"x": 848,
								"y": 565
							}
						]
					}
				]
			},
			{
				"name": "Dark Ages",
				"color": "#c0c0c8",
				"access_rules":
				[
					"gatekey", "rseriesboss", "magusboss"
				],
				"children":
				[
					{
						"name": "Mt Woe",
						"access_rules":
						[
							""
						],
						"sections":
						[
							{
								"name": "Giga Gaia",
								"hosted_item": "gigagaiaboss"
							},
							{
								"name": "Defeat Giga Gaia",
								"chest_unopened_img": "images/kino.png",
								"chest_opened_img": "images/kiyes.png",
								"item_count": 1
							},
							{
								"name": "Screen 1",
								"chest_unopened_img": "images/kino.png",
								"chest_opened_img": "images/kiyes.png",
								"item_count": 1
							},
							{
								"name": "Screen 2",
								"chest_unopened_img": "images/kino.png",
								"chest_opened_img": "images/kiyes.png",
								"item_count": 5
							},
							{
								"name": "Screen 3",
								"chest_unopened_img": "images/kino.png",
								"chest_opened_img": "images/kiyes.png",
								"item_count": 5
							},
							{
								"name": "Screen 4",
								"chest_unopened_img": "images/kino.png",
								"chest_opened_img": "images/kiyes.png",
								"item_count": 2
							}
						],
						"map_locations":
						[
							{
								"map": "Dark Ages",
								"x": 424,
								"y": 462
							},
							{
								"map": "All Eras",
								"x": 424,
								"y": 1486
							}
						]
					},
					{
						"name": "Ocean Palace",
						"access_rules":
						[
							"blacktyranoboss, rubyknife", "magusboss"
						],
						"sections":
						[
							{
								"name": "Golem",
								"hosted_item": "golemboss"
							}
						],
						"map_locations":
						[
							{
								"map": "Dark Ages",
								"x": 1415,
								"y": 652
							},
							{
								"map": "All Eras",
								"x": 1415,
								"y": 1675
							}
						]
					}
				]
			},
			{
				"name": "Middle Ages",
				"color": "#306848",
				"access_rules":
				[
					""
				],
				"children":
				[
					{
						"name": "Manoria Cathedral",
						"access_rules":
						[
							""
						],
						"sections":
						[
							{
								"name": "Yakra",
								"hosted_item": "yakraboss"
							},
							{
								"name": "Saved by Frog",
								"chest_unopened_img": "images/charno.png",
								"chest_opened_img": "images/charyes.png",
								"item_count": 1
							},
              {
                "name": "Front Half",
                "chest_unopened_img": "images/kino.png",
								"chest_opened_img": "images/kiyes.png",
								"item_count": 3
              },
              {
                "name": "Bromide Room",
                "chest_unopened_img": "images/kino.png",
								"chest_opened_img": "images/kiyes.png",
								"item_count": 3
              },
              {
                "name": "Disguised Royalty",
                "chest_unopened_img": "images/kino.png",
								"chest_opened_img": "images/kiyes.png",
								"item_count": 2
              },
              {
                "name": "Shrine",
                "chest_unopened_img": "images/kino.png",
								"chest_opened_img": "images/kiyes.png",
								"item_count": 2
              },
              {
                "name": "Back Half",
                "chest_unopened_img": "images/kino.png",
								"chest_opened_img": "images/kiyes.png",
								"item_count": 4
              },
              {
                "name": "Final Chest",
                "chest_unopened_img": "images/kino.png",
								"chest_opened_img": "images/kiyes.png",
								"item_count": 1
              }
						],
						"map_locations":
						[
							{
								"map": "Middle Ages",
								"x": 200,
								"y": 270
							},
							{
								"map": "All Eras",
								"x": 1736,
								"y": 270
							}
						]
					},
          {
						"name": "Truce Canyon",
						"access_rules":
						[
							""
						],
						"sections":
						[
							{
								"name": "Chests",
								"chest_unopened_img": "images/kino.png",
								"chest_opened_img": "images/kiyes.png",
								"item_count": 2
							}
						],
						"map_locations":
						[
							{
								"map": "Middle Ages",
								"x": 439,
								"y": 205
							},
							{
								"map": "All Eras",
								"x": 1970,
								"y": 205
							}
						]
					},
					{
						"name": "Cursed Woods",
						"access_rules":
						[
							""
						],
						"sections":
						[
							{
								"name": "Return the Masamune",
								"chest_unopened_img": "images/charno.png",
								"chest_opened_img": "images/charyes.png",
								"capture_item": true,
								"access_rules":
								[
									"masamune"
								],
								"item_count": 1
							},
							{
								"name": "Burrow Left Chest",
								"chest_unopened_img": "images/kino.png",
								"chest_opened_img": "images/kiyes.png",
								"access_rules":
								[
									"herosmedal"
								],
								"item_count": 1
							},
              {
								"name": "Burrow Right Chest",
								"chest_unopened_img": "images/kino.png",
								"chest_opened_img": "images/kiyes.png",
								"item_count": 1
							},
              {
								"name": "Forest Chests",
								"chest_unopened_img": "images/kino.png",
								"chest_opened_img": "images/kiyes.png",
								"item_count": 2
							}
						],
						"map_locations":
						[
							{
								"map": "Middle Ages",
								"x": 248,
								"y": 748
							},
							{
								"map": "All Eras",
								"x": 1784,
								"y": 748
							}
						]
					},
					{
						"name": "Zenan Bridge",
						"access_rules":
						[
							""
						],
						"sections":
						[
							{
								"name": "Zombor",
								"hosted_item": "zomborboss"
							},
							{
								"name": "Cook's Rations",
								"chest_unopened_img": "images/kino.png",
								"chest_opened_img": "images/kiyes.png",
								"item_count": 1
							}
						],
						"map_locations":
						[
							{
								"map": "Middle Ages",
								"x": 247,
								"y": 454
							},
							{
								"map": "All Eras",
								"x": 1783,
								"y": 454
							}
						]
					},
					{
						"name": "Sunken Desert",
						"access_rules":
						[
							""
						],
						"sections":
						[
							{
								"name": "Retinite",
								"hosted_item": "retiniteboss"
							}
						],
						"map_locations":
						[
							{
								"map": "Middle Ages",
								"x": 359,
								"y": 714
							},
							{
								"map": "All Eras",
								"x": 1895,
								"y": 714
							}
						]
					},
					{
						"name": "Fiona's Villa",
						"access_rules":[],
						"sections":
						[
							{
								"name": "Replant the Forest",
                "access_rules": ["robo,retiniteboss"],
								"chest_unopened_img": "images/kino.png",
								"chest_opened_img": "images/kiyes.png",
								"item_count": 1
							},
              {
								"name": "Chests",
								"chest_unopened_img": "images/kino.png",
								"chest_opened_img": "images/kiyes.png",
								"item_count": 2
							}
						],
						"map_locations":
						[
							{
								"map": "Middle Ages",
								"x": 410,
								"y": 668
							},
							{
								"map": "All Eras",
								"x": 1946,
								"y": 668
							}
						]
					},
					{
						"name": "Denadoro Mts",
						"access_rules":
						[
							""
						],
						"sections":
						[
							{
								"name": "Masa & Mune",
								"hosted_item": "masamuneboss"
							},
							{
								"name": "Defeat Masamune",
								"chest_unopened_img": "images/kino.png",
								"chest_opened_img": "images/kiyes.png",
								"item_count": 1
							},
              {
                "name": "Entrance",
                "chest_unopened_img": "images/kino.png",
								"chest_opened_img": "images/kiyes.png",
								"item_count": 5
              },
              {
                "name": "Right Side Climb",
                "chest_unopened_img": "images/kino.png",
								"chest_opened_img": "images/kiyes.png",
								"item_count": 6
              },
              {
                "name": "Waterfall Top",
                "chest_unopened_img": "images/kino.png",
								"chest_opened_img": "images/kiyes.png",
								"item_count": 3
              },
              {
                "name": "Waterfall Bottom",
                "chest_unopened_img": "images/kino.png",
								"chest_opened_img": "images/kiyes.png",
								"item_count": 2
              },
              {
                "name": "Left Side",
                "chest_unopened_img": "images/kino.png",
								"chest_opened_img": "images/kiyes.png",
								"item_count": 3
              },
						],
						"map_locations":
						[
							{
								"map": "Middle Ages",
								"x": 416,
								"y": 566
							},
							{
								"map": "All Eras",
								"x": 1952,
								"y": 566
							}
						]
					},
					{
						"name": "Guardia Castle Past",
						"access_rules":
						[
							""
						],
						"sections":
						[
							{
								"name": "Rescue Marle",
								"chest_unopened_img": "images/charno.png",
								"chest_opened_img": "images/charyes.png",
								"access_rules":
								[
									"yakraboss"
								],
								"item_count": 1
							},
              {
                "name": "King's Tower",
								"chest_unopened_img": "images/kino.png",
								"chest_opened_img": "images/kiyes.png",
								"item_count": 2
              },
              {
                "name": "Queen's Tower",
								"chest_unopened_img": "images/kino.png",
								"chest_opened_img": "images/kiyes.png",
								"item_count": 1
              },
              {
                "name": "Queen's Room",
                "access_rules": ["yakraboss"],
								"chest_unopened_img": "images/kino.png",
								"chest_opened_img": "images/kiyes.png",
								"item_count": 1
              },
              {
                "name": "Kitchen",
								"chest_unopened_img": "images/kino.png",
								"chest_opened_img": "images/kiyes.png",
								"item_count": 1
              },
              {
                "name": "Sealed Chest",
                "access_rules": 
                [
                  "dragontankboss, earlypendant", 
                  "pendant, blacktyranoboss", 
                  "pendant, magusboss"
                ],
								"chest_unopened_img": "images/kino.png",
								"chest_opened_img": "images/kiyes.png",
								"item_count": 1
              }
						],
						"map_locations":
						[
							{
								"map": "Middle Ages",
								"x": 280,
								"y": 195
							},
							{
								"map": "All Eras",
								"x": 1816,
								"y": 195
							}
						]
					},
					{
						"name": "Giant's Claw",
						"access_rules":
						[
							"tomaspop"
						],
						"sections":
						[
							{
								"name": "Rust Tyrano",
								"hosted_item": "rusttyranoboss"
							},
							{
								"name": "Rainbow Shell",
								"chest_unopened_img": "images/kino.png",
								"chest_opened_img": "images/kiyes.png",
								"item_count": 1
							},
              {
								"name": "Entrance",
								"chest_unopened_img": "images/kino.png",
								"chest_opened_img": "images/kiyes.png",
								"item_count": 2
							},
							{
								"name": "Caverns",
								"chest_unopened_img": "images/kino.png",
								"chest_opened_img": "images/kiyes.png",
								"item_count": 4
							},
							{
								"name": "Kino's Cell",
								"chest_unopened_img": "images/kino.png",
								"chest_opened_img": "images/kiyes.png",
								"item_count": 1
							}
						],
						"map_locations":
						[
							{
								"map": "Middle Ages",
								"x": 954,
								"y": 588
							},
							{
								"map": "All Eras",
								"x": 2490,
								"y": 588
							}
						]
					},
          {
						"name": "Magic Cave",
						"access_rules": 
            [
              "frog,masamune"
            ],
						"sections":
						[
              {
								"name": "Sealed Chest",
                "access_rules": 
                [
                  "dragontankboss, earlypendant", 
                  "pendant, blacktyranoboss", 
                  "pendant, magusboss"
                ],
								"chest_unopened_img": "images/kino.png",
								"chest_opened_img": "images/kiyes.png",
								"item_count": 1
							}
						],
						"map_locations":
						[
							{
								"map": "Middle Ages",
								"x": 534,
								"y": 666
							},
							{
								"map": "All Eras",
								"x": 2072,
								"y": 666
							}
						]
					},
					{
						"name": "Magus' Castle",
						"access_rules":
						[
							"frog,masamune"
						],
						"sections":
						[
							{
								"name": "Magus",
								"hosted_item": "magusboss"
							}
						],
						"map_locations":
						[
							{
								"map": "Middle Ages",
								"x": 672,
								"y": 466
							},
							{
								"map": "All Eras",
								"x": 2208,
								"y": 466
							}
						]
					},
					{
						"name": "Ozzie's Fort",
						"access_rules":
						[
							"pendant", "gatekey"
						],
						"sections":
						[
              {
                "name": "Front Half",
                "chest_unopened_img": "images/kino.png",
                "chest_opened_img": "images/kiyes.png",
                "access_rules":
                [
                ],
                "item_count": 4
              },
              {
                "name": "Back Half",
                "chest_unopened_img": "images/kino.png",
                "chest_opened_img": "images/kiyes.png",
                "access_rules":
                [
                ],
                "item_count": 2
              }
						],
						"map_locations":
						[
							{
								"map": "Middle Ages",
								"x": 975,
								"y": 400
							},
							{
								"map": "All Eras",
								"x": 2512,
								"y": 400
							}
						]
					},
          {
						"name": "Porre Elder's House",
						"access_rules":
						[
							""
						],
						"sections":
						[
              {
								"name": "Sealed Chests",
                "access_rules": 
                [
                  "dragontankboss, earlypendant", 
                  "pendant, blacktyranoboss", 
                  "pendant, magusboss"
                ],
								"chest_unopened_img": "images/kino.png",
								"chest_opened_img": "images/kiyes.png",
								"item_count": 2
							}
						],
						"map_locations":
						[
							{
								"map": "Middle Ages",
								"x": 337,
								"y": 852
							},
							{
								"map": "All Eras",
								"x": 1873,
								"y": 844
							}
						]
					},
          {
						"name": "Truce Inn Past",
						"access_rules": 
            [
              "dragontankboss, earlypendant", 
              "pendant, blacktyranoboss", 
              "pendant, magusboss"
            ],
						"sections":
						[
              {
								"name": "Sealed Chest",
								"chest_unopened_img": "images/kino.png",
								"chest_opened_img": "images/kiyes.png",
								"item_count": 1
							}
						],
						"map_locations":
						[
							{
								"map": "Middle Ages",
								"x": 415,
								"y": 290
							},
							{
								"map": "All Eras",
								"x": 1950,
								"y": 290
							}
						]
					},
          {
						"name": "Northern Ruins Past",
						"access_rules":
						[
							"grandleon"
						],
						"sections":
						[
              {
								"name": "Chests",
								"chest_unopened_img": "images/kino.png",
								"chest_opened_img": "images/kiyes.png",
								"item_count": 2
							}
						],
						"map_locations":
						[
							{
								"map": "Middle Ages",
								"x": 1240,
								"y": 684
							},
							{
								"map": "All Eras",
								"x": 2776,
								"y": 684
							}
						]
					},
          {
						"name": "Guardia Forest Past",
						"access_rules":
						[
							"dragontankboss, earlypendant", 
              "pendant, blacktyranoboss", 
              "pendant, magusboss"
						],
						"sections":
						[
              {
								"name": "Sealed Chest",
								"chest_unopened_img": "images/kino.png",
								"chest_opened_img": "images/kiyes.png",
								"item_count": 1
							}
						],
						"map_locations":
						[
              {
								"map": "Middle Ages",
								"x": 280,
								"y": 265
							},
							{
								"map": "All Eras",
								"x": 1816,
								"y": 265
							}
						]
					}
				]
			},
			{
				"name": "Present",
				"color": "#609040",
				"access_rules":
				[
					""
				],
				"children":
				[
					{
						"name": "Guardia Castle Present",
						"access_rules":
						[
							""
						],
						"sections":
						[
							{
								"name": "Dragon Tank",
								"access_rules":
								[
									"pendant"
								],
								"hosted_item": "dragontankboss"
							},
							{
								"name": "Yakra XIII",
								"access_rules":
								[
									"marle,prismshard"
								],
								"hosted_item": "yakraxiiiboss"
							},
							{
								"name": "King Guardia's Trial",
								"chest_unopened_img": "images/kino.png",
								"chest_opened_img": "images/kiyes.png",
								"access_rules":
								[
									"marle,prismshard"
								],
								"item_count": 1
							},
							{
								"name": "Melchior's Refinements",
								"chest_unopened_img": "images/kino.png",
								"chest_opened_img": "images/kiyes.png",
								"access_rules":
								[
									"marle,prismshard,sunstone"
								],
								"item_count": 1
							},
              {
                "name": "King's Tower",
								"chest_unopened_img": "images/kino.png",
								"chest_opened_img": "images/kiyes.png",
								"item_count": 2
              },
              {
                "name": "Queen's Tower",
								"chest_unopened_img": "images/kino.png",
								"chest_opened_img": "images/kiyes.png",
								"item_count": 2
              },
              {
                "name": "Courtroom Tower",
								"chest_unopened_img": "images/kino.png",
								"chest_opened_img": "images/kiyes.png",
								"item_count": 1
              },
              {
                "name": "Prison Tower",
                "access_rules": ["dragontankboss"],
								"chest_unopened_img": "images/kino.png",
								"chest_opened_img": "images/kiyes.png",
								"item_count": 1
              },
              {
                "name": "Guardia Treasury",
                "access_rules": ["marle,prismshard"],
								"chest_unopened_img": "images/kino.png",
								"chest_opened_img": "images/kiyes.png",
								"item_count": 6
              },
              {
                "name": "Sealed Chest",
                "access_rules": 
                [
                  "dragontankboss, earlypendant", 
                  "pendant, blacktyranoboss", 
                  "pendant, magusboss"
                ],
								"chest_unopened_img": "images/kino.png",
								"chest_opened_img": "images/kiyes.png",
								"item_count": 1
              }
						],
						"map_locations":
						[
							{
								"map": "Present",
								"x": 280,
								"y": 192
							},
							{
								"map": "All Eras",
								"x": 1816,
								"y": 1216
							}
						]
					},
					{
						"name": "Snail Stop",
						"access_rules":
						[
							""
						],
						"sections":
						[
							{
								"name": "Buy for 9900G",
								"chest_unopened_img": "images/kino.png",
								"chest_opened_img": "images/kiyes.png",
								"capture_item": true,
								"item_count": 1
							}
						],
						"map_locations":
						[
							{
								"map": "Present",
								"x": 441,
								"y": 860
							},
							{
								"map": "All Eras",
								"x": 1977,
								"y": 1884
							}
						]
					},
					{
						"name": "Heckran Cave",
						"access_rules":
						[
							""
						],
						"sections":
						[
							{
								"name": "Heckran",
								"hosted_item": "heckranboss"
							},
              {
								"name": "Chests",
								"chest_unopened_img": "images/kino.png",
								"chest_opened_img": "images/kiyes.png",
								"item_count": 4
							},
              {
								"name": "Sealed Chest",
                "access_rules": 
                [
                  "dragontankboss, earlypendant", 
                  "pendant, blacktyranoboss", 
                  "pendant, magusboss"
                ],
								"chest_unopened_img": "images/kino.png",
								"chest_opened_img": "images/kiyes.png",
								"item_count": 1
							},
						],
						"map_locations":
						[
							{
								"map": "Present",
								"x": 682,
								"y": 444
							},
							{
								"map": "All Eras",
								"x": 2218,
								"y": 1468
							}
						]
					},
					{
						"name": "Choras Inn",
						"access_rules":
						[
							""
						],
						"sections":
						[
							{
								"name": "Borrow Carpenter's Tools",
								"chest_unopened_img": "images/kino.png",
								"chest_opened_img": "images/kiyes.png",
								"item_count": 1
							}
						],
						"map_locations":
						[
							{
								"map": "Present",
								"x": 1145,
								"y": 853
							},
							{
								"map": "All Eras",
								"x": 2681,
								"y": 1877
							}
						]
					},
					{
						"name": "Melchior's Hut",
						"access_rules":
						[
							"benthilt,bentsword"
						],
						"sections":
						[
							{
								"name": "Reforge the Masamune",
								"hosted_item": "masamune"
							}
						],
						"map_locations":
						[
							{
								"map": "Present",
								"x": 696,
								"y": 506
							},
							{
								"map": "All Eras",
								"x": 2232,
								"y": 1530
							}
						]
					},
					{
						"name": "Lucca's House",
						"access_rules":
						[
							"heckranboss"
						],
						"sections":
						[
							{
								"name": "Taban's Gift",
								"chest_unopened_img": "images/kino.png",
								"chest_opened_img": "images/kiyes.png",
								"item_count": 1
							}
						],
						"map_locations":
						[
							{
								"map": "Present",
								"x": 344,
								"y": 419
							},
							{
								"map": "All Eras",
								"x": 1880,
								"y": 1443
							}
						]
					},
          {
						"name": "Forest Ruins",
						"access_rules":
						[
							""
						],
						"sections":
						[
							{
								"name": "Chests",
								"chest_unopened_img": "images/kino.png",
								"chest_opened_img": "images/kiyes.png",
								"item_count": 1
							},
              {
								"name": "Blue Pyramid",
                "access_rules": 
                [
                  "dragontankboss, earlypendant", 
                  "pendant, blacktyranoboss", 
                  "pendant, magusboss"
                ],
								"chest_unopened_img": "images/kino.png",
								"chest_opened_img": "images/kiyes.png",
								"item_count": 1
							}
						],
						"map_locations":
						[
							{
								"map": "Present",
								"x": 1000,
								"y": 257
							},
							{
								"map": "All Eras",
								"x": 2536,
								"y": 1282
							}
						]
					},
          {
						"name": "Truce Mayor's House",
						"access_rules":
						[
							""
						],
						"sections":
						[
							{
								"name": "Chests",
								"chest_unopened_img": "images/kino.png",
								"chest_opened_img": "images/kiyes.png",
								"item_count": 2
							}
						],
						"map_locations":
						[
							{
								"map": "Present",
								"x": 378,
								"y": 324
							},
							{
								"map": "All Eras",
								"x": 1912,
								"y": 1348
							}
						]
					},
          {
						"name": "Truce Inn Present",
						"access_rules":
            [
              "dragontankboss, earlypendant", 
              "pendant, blacktyranoboss", 
              "pendant, magusboss"
            ],
						"sections":
						[
							{
								"name": "Sealed Chest",
								"chest_unopened_img": "images/kino.png",
								"chest_opened_img": "images/kiyes.png",
								"item_count": 1
							}
						],
						"map_locations":
						[
							{
								"map": "Present",
								"x": 416,
								"y": 289
							},
							{
								"map": "All Eras",
								"x": 1953,
								"y": 1313
							}
						]
					},
          {
						"name": "Porre Mayor's House",
						"access_rules":
						[
							""
						],
						"sections":
						[
							{
								"name": "Chests",
								"chest_unopened_img": "images/kino.png",
								"chest_opened_img": "images/kiyes.png",
								"item_count": 1
							},
              {
								"name": "Sealed Chests",
                "access_rules":
                [
                  "dragontankboss, earlypendant", 
                  "pendant, blacktyranoboss", 
                  "pendant, magusboss"
                ],
								"chest_unopened_img": "images/kino.png",
								"chest_opened_img": "images/kiyes.png",
								"item_count": 2
							}
						],
						"map_locations":
						[
							{
								"map": "Present",
								"x": 337,
								"y": 852
							},
							{
								"map": "All Eras",
								"x": 1873,
								"y": 1877
							}
						]
					},
          {
						"name": "Northern Ruins Present",
						"access_rules":
						[
							"grandleon"
						],
						"sections":
						[
              {
								"name": "Upstairs",
								"chest_unopened_img": "images/kino.png",
								"chest_opened_img": "images/kiyes.png",
								"item_count": 1
							},
              {
								"name": "Basement",
                "access_rules": ["frog"],
								"chest_unopened_img": "images/kino.png",
								"chest_opened_img": "images/kiyes.png",
								"item_count": 1
							}
						],
						"map_locations":
						[
							{
								"map": "Present",
								"x": 1240,
								"y": 684
							},
							{
								"map": "All Eras",
								"x": 2776,
								"y": 1708
							}
						]
					},
          {
						"name": "Guardia Forest Present",
						"access_rules":
						[
							"dragontankboss, earlypendant", 
              "pendant, blacktyranoboss", 
              "pendant, magusboss"
						],
						"sections":
						[
              {
								"name": "Sealed Chest",
								"chest_unopened_img": "images/kino.png",
								"chest_opened_img": "images/kiyes.png",
								"item_count": 1
							}
						],
						"map_locations":
						[
							{
								"map": "All Eras",
								"x": 1816,
								"y": 1290
							},
							{
								"map": "Present",
								"x": 281,
								"y": 263
							}
						]
					}
				]
			},
			{
				"name": "Future",
				"color": "#482828",
				"access_rules":
				[
					"dragontankboss"
				],
				"children":
				[
					{
						"name": "Arris Dome",
						"access_rules":
						[
							""
						],
						"sections":
						[
							{
								"name": "Guardian",
								"hosted_item": "guardianboss"
							},
							{
								"name": "Activate the Computer",
								"chest_unopened_img": "images/kino.png",
								"chest_opened_img": "images/kiyes.png",
								"item_count": 1
							},
              {
                "name": "Chests",
								"chest_unopened_img": "images/kino.png",
								"chest_opened_img": "images/kiyes.png",
								"item_count": 2
              },
              {
                "name": "Sealed Door",
                "access_rules": 
                [
                  "dragontankboss, earlypendant", 
                  "pendant, blacktyranoboss", 
                  "pendant, magusboss"
                ],
								"chest_unopened_img": "images/kino.png",
								"chest_opened_img": "images/kiyes.png",
								"item_count": 4
              }
						],
						"map_locations":
						[
							{
								"map": "Future",
								"x": 447,
								"y": 359
							},
							{
								"map": "All Eras",
								"x": 3519,
								"y": 359
							}
						]
					},
					{
						"name": "Proto Dome",
						"access_rules":
						[
							"Flag_CharLock_on,rseriesboss", "Flag_CharLock_off"
						],
						"sections":
						[
							{
								"name": "Fix Robo",
								"chest_unopened_img": "images/charno.png",
								"chest_opened_img": "images/charyes.png",
								"item_count": 1
							}
						],
						"map_locations":
						[
							{
								"map": "Future",
								"x": 912,
								"y": 410
							},
							{
								"map": "All Eras",
								"x": 3984,
								"y": 410
							}
						]
					},
					{
						"name": "Factory",
						"access_rules":
						[
							""
						],
						"sections":
						[
							{
								"name": "R-Series",
								"hosted_item": "rseriesboss"
							},
              {
                "name": "Left Side",
								"chest_unopened_img": "images/kino.png",
								"chest_opened_img": "images/kiyes.png",
								"item_count": 4
              },
              {
                "name": "Right Side",
								"chest_unopened_img": "images/kino.png",
								"chest_opened_img": "images/kiyes.png",
								"item_count": 9
              }
						],
						"map_locations":
						[
							{
								"map": "Future",
								"x": 920,
								"y": 288
							},
							{
								"map": "All Eras",
								"x": 3992,
								"y": 288
							}
						]
					},
					{
						"name": "Geno Dome",
						"access_rules":
						[
							""
						],
						"sections":
						[
							{
								"name": "Mother Brain",
								"hosted_item": "motherbrainboss"
							},
							{
								"name": "Defeat Mother Brain",
								"chest_unopened_img": "images/kino.png",
								"chest_opened_img": "images/kiyes.png",
								"item_count": 1
							},
              {
                "name": "First Floor",
								"chest_unopened_img": "images/kino.png",
								"chest_opened_img": "images/kiyes.png",
								"item_count": 8
              },
              {
                "name": "Second Floor",
								"chest_unopened_img": "images/kino.png",
								"chest_opened_img": "images/kiyes.png",
								"item_count": 4
              }
						],
						"map_locations":
						[
							{
								"map": "Future",
								"x": 1160,
								"y": 734
							},
							{
								"map": "All Eras",
								"x": 4232,
								"y": 734
							}
						]
					},
					{
						"name": "Sun Palace",
						"access_rules":
						[
							""
						],
						"sections":
						[
							{
								"name": "Son of Sun",
								"hosted_item": "sonofsunboss"
							},
							{
								"name": "Moon Stone",
								"chest_unopened_img": "images/kino.png",
								"chest_opened_img": "images/kiyes.png",
								"item_count": 1
							}
						],
						"map_locations":
						[
							{
								"map": "Future",
								"x": 487,
								"y": 883
							},
							{
								"map": "All Eras",
								"x": 3559,
								"y": 883
							}
						]
					},
					{
						"name": "Death Peak",
						"access_rules":
						[
							"clone,ctrigger"
						],
						"sections":
						[
							{
								"name": "Black Omen Path",
								"hosted_item": "zealboss"
							}
						],
						"map_locations":
						[
							{
								"map": "Future",
								"x": 676,
								"y": 551
							},
							{
								"map": "All Eras",
								"x": 3748,
								"y": 551
							}
						]
					},
					{
						"name": "Trann Dome",
						"access_rules":
						[
							"dragontankboss, earlypendant", 
              "pendant, blacktyranoboss", 
              "pendant, magusboss"
						],
						"sections":
						[
							{
								"name": "Sealed Door",
								"chest_unopened_img": "images/kino.png",
								"chest_opened_img": "images/kiyes.png",
								"item_count": 2
							}
						],
						"map_locations":
						[
							{
								"map": "Future",
								"x": 192,
								"y": 550
							},
							{
								"map": "All Eras",
								"x": 3264,
								"y": 550
							}
						]
					},
					{
						"name": "Bangor Dome",
						"access_rules":
						[
							"dragontankboss, earlypendant", 
              "pendant, blacktyranoboss", 
              "pendant, magusboss"
						],
						"sections":
						[
							{
								"name": "Sealed Door",
								"chest_unopened_img": "images/kino.png",
								"chest_opened_img": "images/kiyes.png",
								"item_count": 3
							}
						],
						"map_locations":
						[
							{
								"map": "Future",
								"x": 216,
								"y": 430
							},
							{
								"map": "All Eras",
								"x": 3288,
								"y": 430
							}
						]
					},
					{
						"name": "Sewers",
						"sections":
						[
							{
								"name": "Chests",
								"chest_unopened_img": "images/kino.png",
								"chest_opened_img": "images/kiyes.png",
								"item_count": 3
							}
						],
						"map_locations":
						[
							{
								"map": "Future",
								"x": 551,
								"y": 365
							},
							{
								"map": "All Eras",
								"x": 3623,
								"y": 365
							}
						]
					},
          {
						"name": "Lab16",
						"sections":
						[
							{
								"name": "Chests",
								"chest_unopened_img": "images/kino.png",
								"chest_opened_img": "images/kiyes.png",
								"item_count": 4
							}
						],
						"map_locations":
						[
							{
								"map": "Future",
								"x": 263,
								"y": 367
							},
							{
								"map": "All Eras",
								"x": 3335,
								"y": 367
							}
						]
					},
					{
						"name": "Lab32",
						"sections":
						[
							{
								"name": "Chests",
								"chest_unopened_img": "images/kino.png",
								"chest_opened_img": "images/kiyes.png",
								"item_count": 1
							}
						],
						"map_locations":
						[
							{
								"map": "Future",
								"x": 504,
								"y": 276
							},
							{
								"map": "All Eras",
								"x": 3576,
								"y": 276
							}
						]
					}
				]
			},
			{
				"name": "End Of Time",
				"color": "#482828",
				"access_rules":
				[
					"gatekey", "rseriesboss", "magusboss"
				],
				"children":
				[
					{
						"name": "Spekkio",
						"access_rules":
						[
							""
						],
						"sections":
						[
							{
								"name": "Learn Magic",
								"hosted_item": "magic"
							}
						],
						"map_locations":
						[
							{
								"map": "End Of Time",
								"x": 1113,
								"y": 287
							},
							{
								"map": "All Eras",
								"x": 4185,
								"y": 1311
							}
						]
					}
				]
			}
		]
	}
]
			
